날짜,시간,제목,카테고리,우선순위,태그,상태,비고
D+1,09:00,이상향과 현실의 괴리: 에너지가 새는 곳 찾기,자아 인식,Medium,"자기인식,에너지",draft,
D+1,14:00,과거의 그림자에서 벗어나 현재를 사는 법,자아 인식,Medium,"과거,현재,치유",draft,
D+1,18:00,멈춤의 미학: 더 멀리 가기 위한 전략적 휴식,전략적 방향 전환,Medium,"휴식,전략",draft,
D+2,09:00,포기할 용기: 더 나은 선택을 위한 전략적 후퇴,전략적 방향 전환,Medium,"포기,선택",draft,
D+2,14:00,성장 통증: 변화할 때 겪는 심리적 저항 다루기,전략적 방향 전환,Medium,"변화,저항",draft,
D+2,18:00,공감 능력의, 약 일까 독 일까?,관계 역학,Medium,"공감,관계",draft,
D+3,09:00,타인을 조종하려는 심리: 마키아벨리즘의 이해,관계 역학,Medium,"마키아벨리즘,조종",draft,
D+3,14:00,소속감과 독립성 사이의 줄타기,관계 역학,Medium,"소속감,독립성",draft,
D+3,18:00,질투와 시기심을 성장의 동력으로 바꾸기,관계 역학,Medium,"질투,성장",draft,
D+4,09:00,용서: 타인이 아닌 나를 위한 치유,관계 역학,Medium,"용서,치유",draft,
D+4,14:00,외로움과 고독의 차이: 혼자 있는 시간의 힘,관계 역학,Medium,"외로움,고독",draft,
D+4,18:00,의존적인 관계에서 상호존중의 관계로,관계 역학,Medium,"의존,관계",draft,
D+5,09:00,비언어적 의사소통: 말보다 정직한 몸의 언어,관계 역학,Medium,"의사소통,비언어",draft,
D+5,14:00,첫인상의 심리학: 3초 안에 결정되는 호감,관계 역학,Medium,"첫인상,심리학",draft,
D+5,18:00,진정성 있는 관계를 위한 자기 개방 수위 조절,관계 역학,Medium,"진정성,관계",draft,
D+6,09:00,무의식이 보내는 신호, 신체화 증상 해석하기,자아 인식,Medium,"무의식,신체화",draft,
D+6,14:00,내가 모르는 나의 강점: 잠재력 재발견,자아 인식,Medium,"강점,잠재력",draft,
D+6,18:00,타인의 시선에서 자유로워지는 심리학적 접근,자아 인식,Medium,"타인시선,자유",draft,
D+7,09:00,가면 증후군: 내가 가짜처럼 느껴질 때,자아 인식,Medium,"가면증후군,정체성",draft,
D+7,14:00,내면 아이 치유: 상처받은 어린 시절과 화해하기,자아 인식,Medium,"내면아이,치유",draft,
D+7,18:00,자기 사랑의 오해: 나르시시즘과 건강한 자존감의 경계,자아 인식,Medium,"자기사랑,나르시시즘",draft,
D+8,09:00,정체성 혼란: 나는 누구인가에 대한 탐구,자아 인식,Medium,"정체성,탐구",draft,
D+8,14:00,내적 비판자와 대화하기: 자책을 자비로 바꾸는 법,자아 인식,Medium,"비판자,자비",draft,
D+8,18:00,무의식의 언어: 꿈과 상징 해석하기,자아 인식,Medium,"꿈,상징",draft,
D+9,09:00,감정 회피의 대가: 불편한 감정을 직면하는 용기,자아 인식,Medium,"감정회피,용기",draft,
D+9,14:00,자기 기만의 심리학: 진실을 외면하는 이유,자아 인식,Medium,"자기기만,진실",draft,
D+9,18:00,내면의 갈등 해결: 여러 자아와 조화 찾기,자아 인식,Medium,"갈등,조화",draft,
D+10,09:00,자아 통합: 분열된 자아를 하나로 모으는 여정,자아 인식,Medium,"자아통합,치유",draft,
D+10,14:00,선택과 집중: 인생의 가지치기,전략적 방향 전환,Medium,"선택,집중",draft,
D+10,18:00,플랜 B는 실패를 위한 준비가 아니라 유연함이다,전략적 방향 전환,Medium,"플랜B,유연함",draft,
D+11,09:00,불편함을 편안하게 여기는 성장 마인드셋,전략적 방향 전환,Medium,"성장마인드셋,불편함",draft,
D+11,14:00,타성과 관성을 깨는 충격요법,전략적 방향 전환,Medium,"타성,관성",draft,
D+11,18:00,우선순위 재정립: 진짜 중요한 것만 남기기,전략적 방향 전환,Medium,"우선순위,중요",draft,
D+12,09:00,인생의 속도 조절: 서두르지 않고 꾸준히 가는 법,전략적 방향 전환,Medium,"속도,꾸준함",draft,
D+12,14:00,새로운 시작의 심리학: 과거를 끊고 미래로 가기,전략적 방향 전환,Medium,"새로운시작,과거",draft,
D+12,18:00,실패한 계획의 재구성: 유연한 사고력 기르기,전략적 방향 전환,Medium,"실패,재구성",draft,
D+13,09:00,목표 수정의 용기: 잘못된 길에서 벗어나기,전략적 방향 전환,Medium,"목표수정,용기",draft,
D+13,14:00,변화의 저항력: 안정성을 추구하는 뇌와의 협상,전략적 방향 전환,Medium,"변화,저항",draft,
D+13,18:00,전환점 인식하기: 변화가 필요한 신호 읽기,전략적 방향 전환,Medium,"전환점,신호",draft,
D+14,09:00,재시작의 심리학: 실패를 성장의 발판으로,전략적 방향 전환,Medium,"재시작,성장",draft,
D+14,14:00,사과의 심리학: 진정성 있는 사과와 가짜 사과 구분하기,관계 역학,Medium,"사과,진정성",draft,
D+14,18:00,침묵의 힘: 말하지 않아도 전달되는 메시지,관계 역학,Medium,"침묵,메시지",draft,
D+15,09:00,갈등 회피자와 직면자: 서로 다른 대화 스타일 이해하기,관계 역학,Medium,"갈등,대화",draft,
D+15,14:00,관계의 에너지 밸런스: 주고받기의 균형 찾기,관계 역학,Medium,"에너지,균형",draft,
D+15,18:00,친밀감과 거리감: 관계의 최적 거리 찾기,관계 역학,Medium,"친밀감,거리",draft,
D+16,09:00,집단 압력에 저항하기: 나만의 가치관 지키기,관계 역학,Medium,"집단압력,가치관",draft,
D+16,14:00,사회적 불안 극복: 타인의 평가에서 자유로워지기,관계 역학,Medium,"사회적불안,자유",draft,
D+16,18:00,관계 회복의 가능성: 깨어진 신뢰를 다시 쌓는 법,관계 역학,Medium,"관계회복,신뢰",draft,
D+17,09:00,창의성은 엉뚱함이 아니라 연결 능력이다,잠재력,Medium,"창의성,연결",draft,
D+17,14:00,멘토와 롤모델을 활용한 성장 가속화,잠재력,Medium,"멘토,롤모델",draft,
D+17,18:00,피드백을 성장의 양분으로 삼는 법,잠재력,Medium,"피드백,성장",draft,
D+18,09:00,긍정 심리학의 허와 실: 무조건적인 긍정의 함정,잠재력,Medium,"긍정심리학,함정",draft,
D+18,14:00,운을 부르는 심리적 태도,잠재력,Medium,"운,태도",draft,
D+18,18:00,자기 한계 돌파하기: 불가능하다고 생각한 것 도전하기,잠재력,Medium,"한계,도전",draft,
D+19,09:00,잠재력 발휘의 장애물: 두려움과 회피 패턴,잠재력,Medium,"잠재력,장애물",draft,
D+19,14:00,성장 마인드셋 vs 고정 마인드셋: 변화 가능한 믿음,잠재력,Medium,"마인드셋,믿음",draft,
D+19,18:00,내적 동기 찾기: 외부 보상이 아닌 내면의 열정,잠재력,Medium,"동기,열정",draft,
D+20,09:00,목표 설정의 심리학: 달성 가능하면서도 도전적인 목표,잠재력,Medium,"목표설정,심리학",draft,
D+20,14:00,실패에 대한 두려움 극복: 실패를 학습 기회로,잠재력,Medium,"실패,학습",draft,
D+20,18:00,자기 확신 구축: '나는 할 수 있다'는 믿음 키우기,잠재력,Medium,"확신,믿음",draft,
D+21,09:00,잠재력 개발의 단계: 인식, 수용, 실행, 성장,잠재력,Medium,"잠재력,단계",draft,
D+21,14:00,이상과 현실의 조화: 현실적이면서도 이상적인 균형,잠재력,Medium,"이상,현실",draft,
D+21,18:00,성장의 가속화: 성장 곡선을 올리는 전략,잠재력,Medium,"성장,전략",draft,
D+22,09:00,글쓰기 치유: 내 마음을 객관화하는 도구,실전 심리학,Medium,"글쓰기,치유",draft,
D+22,14:00,예술 치료: 말로 표현 못할 감정 다루기,실전 심리학,Medium,"예술치료,감정",draft,
D+22,18:00,반려동물이 주는 심리적 안정감,실전 심리학,Medium,"반려동물,안정감",draft,
D+23,09:00,취미 생활이 직업적 성과에 미치는 영향,실전 심리학,Medium,"취미,성과",draft,
D+23,14:00,여행의 심리학: 낯선 곳이 주는 자극,실전 심리학,Medium,"여행,심리학",draft,
D+23,18:00,돈과 행복의 심리적 한계효용,실전 심리학,Medium,"돈,행복",draft,
D+24,09:00,은퇴 후의 상실감과 새로운 정체성 찾기,실전 심리학,Medium,"은퇴,정체성",draft,
D+24,14:00,뉴스 다이어트: 부정적 정보 차단하기,실전 심리학,Medium,"뉴스,정보",draft,
D+24,18:00,단순하게 살기: 미니멀리즘의 심리적 효과,실전 심리학,Medium,"미니멀리즘,단순",draft,
D+25,09:00,자연 치유력: 자연 환경이 주는 심리적 회복,실전 심리학,Medium,"자연,치유",draft,
D+25,14:00,음악 치료: 감정 조절을 위한 음악 활용법,실전 심리학,Medium,"음악,치료",draft,
D+25,18:00,색채 심리학: 색이 감정과 행동에 미치는 영향,실전 심리학,Medium,"색채,심리학",draft,
D+26,09:00,시간 관리의 심리학: 우선순위와 집중력,실전 심리학,Medium,"시간관리,집중력",draft,
D+26,14:00,쇼핑 중독과 보상 심리,실전 심리학,Medium,"쇼핑중독,보상",draft,
D+26,18:00,재택근무 시대의 고립감 관리,실전 심리학,Medium,"재택근무,고립감",draft,
D+27,09:00,팀워크의 심리학: 협업을 방해하는 요소들,직장 심리학,Medium,"팀워크,협업",draft,
D+27,14:00,승진 욕구와 만족감: 성취욕의 건강한 균형,직장 심리학,Medium,"승진,만족감",draft,
D+27,18:00,직장 내 인간관계: 친구인가 동료인가,직장 심리학,Medium,"인간관계,직장",draft,
D+28,09:00,직장 내 소외감 극복: 소속감 찾기,직장 심리학,Medium,"소외감,소속감",draft,
D+28,14:00,업무 만족도 높이기: 의미 있는 일 찾기,직장 심리학,Medium,"만족도,의미",draft,
D+28,18:00,직장 내 경쟁 심리: 건강한 경쟁과 독성 경쟁,직장 심리학,Medium,"경쟁,심리",draft,
D+29,09:00,직장 내 갈등 회피자: 갈등을 건설적으로 다루기,직장 심리학,Medium,"갈등,회피",draft,
D+29,14:00,[케이스] 완벽주의자 김대리의 번아웃 탈출기,심층 분석,Low,"케이스,번아웃",draft,
D+29,18:00,[케이스] 착한 아이 콤플렉스 박팀장의 거절 연습,심층 분석,Low,"케이스,거절",draft,
D+30,09:00,[케이스] 결정 장애 이사원의 직관력 훈련,심층 분석,Low,"케이스,결정장애",draft,
D+30,14:00,[분석] 에니어그램으로 보는 9가지 욕구,심층 분석,Low,"에니어그램,욕구",draft,
D+30,18:00,[분석] 교류분석(TA)으로 보는 대화 패턴,심층 분석,Low,"교류분석,대화",draft,
